id,chip_path,orig_wkt,poly_px_wkt,chip_left,chip_bottom,chip_right,chip_top,chip_crs,area_m2
2,/home/jovyan/MasterThesis_Batliner/Masterarbeit/data/processed/rural_luebars/chips/0002.png,"POLYGON ((388602.810100101 5831222.998217959, 388594.08335528267 5831216.019845758, 388608.01140708075 5831195.103870644, 388617.14634642727 5831201.271731515, 388602.810100101 5831222.998217959))","POLYGON ((227.9825479639694 110.48195859789848, 138.00409263651818 182.4335470199585, 281.6114299199544 398.09095095843077, 375.79863821109757 334.49626526236534, 227.9825479639694 110.48195859789848))",388580.69874564535,5831184.056168171,388630.3561145202,5831233.713537045,EPSG:25833,283.3088077788122
3,/home/jovyan/MasterThesis_Batliner/Masterarbeit/data/processed/rural_luebars/chips/0003.png,"POLYGON ((388614.1417665988 5831355.074345161, 388609.6995016847 5831361.919349448, 388633.8880193087 5831377.525175648, 388638.32353289286 5831370.680347966, 388614.1417665988 5831355.074345161))","POLYGON ((156.20903618540615 369.4854599162936, 111.29730720259249 300.2818029150367, 355.8455655868165 142.50538697093725, 400.6890379698016 211.70725847035646, 156.20903618540615 369.4854599162936))",388598.6909715297,5831340.978086667,388649.33341366076,5831391.620528799,EPSG:25833,234.81819088316303
5,/home/jovyan/MasterThesis_Batliner/Masterarbeit/data/processed/rural_luebars/chips/0005.png,"POLYGON ((388490.1689257903 5830851.679287643, 388487.0174596023 5830847.444737304, 388491.41259931837 5830844.451021321, 388494.62127006386 5830848.817804074, 388491.77153616835 5830850.6745303655, 388490.1689257903 5830851.679287643))","POLYGON ((246.53512132540345 203.55351303517818, 200.43367309030145 265.49893513321877, 264.72828836459666 309.292723223567, 311.66655755601823 245.41292981803417, 269.9790217131376 218.25167663395405, 246.53512132540345 203.55351303517818))",388473.31593898096,5830830.5940785725,388508.31593898096,5830865.5940785725,EPSG:25833,28.3911659127857
6,/home/jovyan/MasterThesis_Batliner/Masterarbeit/data/processed/rural_luebars/chips/0006.png,"POLYGON ((388649.0357324841 5831244.165912543, 388662.1344459518 5831248.340510355, 388665.27013977844 5831238.54305453, 388652.17140352336 5831234.368448051, 388649.0357324841 5831244.165912543))","POLYGON ((137.25698529276997 214.87275643646717, 328.87245087791234 153.8043541610241, 374.743171999231 297.1271365135908, 183.12737306766212 358.1956655830145, 137.25698529276997 214.87275643646717))",388639.65293075505,5831223.854479878,388674.65293075505,5831258.854479878,EPSG:25833,141.42446157410228
7,/home/jovyan/MasterThesis_Batliner/Masterarbeit/data/processed/rural_luebars/chips/0007.png,"POLYGON ((388644.8341606131 5831053.504811949, 388645.3919688213 5831051.533547977, 388645.9127142173 5831049.718922411, 388646.1509169358 5831048.878883794, 388652.20112313813 5831051.044340453, 388652.71307155344 5831049.140892071, 388659.7646352366 5831051.261254576, 388658.54145901155 5831055.239617039, 388657.66186547733 5831054.981484198, 388656.9206828242 5831057.52446066, 388649.3447566834 5831054.982073219, 388644.8341606131 5831053.504811949))","POLYGON ((142.99733597319573 246.5839477777481, 151.15727319009602 275.4207236021757, 158.77503441181034 301.96610330045223, 162.25959989335388 314.25466822087765, 250.765473482199 282.57713079452515, 258.2545474432409 310.42186142504215, 361.4088504649699 279.4039870649576, 343.5155296875164 221.2062276005745, 330.648332843557 224.98234230279922, 319.8058894611895 187.7822294831276, 208.9809127729386 224.9737257808447, 142.99733597319573 246.5839477777481))",388635.05895209935,5831035.3611365035,388670.05895209935,5831070.3611365035,EPSG:25833,76.82303499801264
8,/home/jovyan/MasterThesis_Batliner/Masterarbeit/data/processed/rural_luebars/chips/0008.png,"POLYGON ((388887.26821093477 5831315.18515309, 388888.28858322196 5831313.003081172, 388889.7549987887 5831309.887226707, 388896.2714327667 5831295.962353273, 388902.1984978673 5831298.687310622, 388893.2246139952 5831318.009583212, 388891.1154477724 5831316.989316734, 388887.26821093477 5831315.18515309))","POLYGON ((164.4323802134022 155.34777569770813, 176.94156534969807 182.09873899817467, 194.91898794472218 220.29734635353088, 274.8067701589316 391.00839169323444, 347.46922442968935 357.6019611209631, 237.45450122095644 120.7218653857708, 211.59732037130743 133.2297533750534, 164.4323802134022 155.34777569770813))",388873.85548723914,5831286.09308659,388915.61924765696,5831327.856847008,EPSG:25833,139.35074061373194
9,/home/jovyan/MasterThesis_Batliner/Masterarbeit/data/processed/rural_luebars/chips/0009.png,"POLYGON ((388673.3635552217 5831356.994518666, 388677.7482237916 5831348.214609372, 388681.4814611482 5831350.065722776, 388684.7907075485 5831343.424683004, 388690.9079636232 5831346.467761074, 388686.1672153355 5831355.967975465, 388684.9755160558 5831358.3543065125, 388683.7903332258 5831360.729361202, 388683.22054554825 5831361.877420296, 388679.6380107702 5831360.100764196, 388679.04893205845 5831361.29377609, 388676.52801643655 5831360.038177599, 388677.1176021937 5831358.867409915, 388673.3635552217 5831356.994518666))","POLYGON ((133.30557523667812 201.2185750901699, 194.1258842740208 323.00584088265896, 245.91010607313365 297.3288056701422, 291.8130940729752 389.4475336521864, 376.66635013744235 347.23660123348236, 310.90681293886155 215.4578895866871, 294.37659695744514 182.356780692935, 277.9367714980617 149.41208763420582, 270.0331723820418 133.48721034824848, 220.33936568628997 158.13143859803677, 212.168178120628 141.58301517367363, 177.20022906456143 158.9995854496956, 185.37844992242754 175.23945654928684, 133.30557523667812 201.2185750901699))",388663.75326590904,5831334.589608735,388700.66446125356,5831371.500804081,EPSG:25833,162.29122441305873
11,/home/jovyan/MasterThesis_Batliner/Masterarbeit/data/processed/rural_luebars/chips/0011.png,"POLYGON ((388546.0898742628 5831005.371144521, 388551.77770942653 5830996.706033791, 388563.5210267215 5831004.372169102, 388557.83318095654 5831013.037266085, 388546.0898742628 5831005.371144521))","POLYGON ((130.41273584775627 248.80255323648453, 212.3717313716188 373.66267155110836, 381.587340105325 263.1973132044077, 299.6281918231398 138.3373929709196, 130.41273584775627 248.80255323648453))",388537.039419947,5830987.105624268,388572.5714757663,5831022.637680087,EPSG:25833,145.3607335791796
12,/home/jovyan/MasterThesis_Batliner/Masterarbeit/data/processed/rural_luebars/chips/0012.png,"POLYGON ((388708.628990511 5830933.257742445, 388711.018985597 5830928.76315447, 388711.58220480254 5830929.106408265, 388713.9226135244 5830924.813257315, 388719.6364681809 5830927.965738521, 388718.20549734647 5830930.557815881, 388718.0964237407 5830930.526918884, 388714.7272595153 5830936.635140274, 388714.56326883915 5830936.572111517, 388708.628990511 5830933.257742445))","POLYGON ((175.10611239634454 219.1855680346489, 210.0683262264356 284.93496926128864, 218.30741860438138 279.91365660727024, 252.5442547649145 342.71632194519043, 336.1297857398167 296.60002544522285, 315.19672667607665 258.6816366314888, 313.60113564226776 259.13361555337906, 264.3150761174038 169.77906265854836, 261.91612679697573 170.7010833323002, 175.10611239634454 219.1855680346489))",388696.6588461089,5830913.241130885,388731.6588461089,5830948.241130885,EPSG:25833,67.24743989324391
13,/home/jovyan/MasterThesis_Batliner/Masterarbeit/data/processed/rural_luebars/chips/0013.png,"POLYGON ((388497.2096985008 5830958.848506225, 388493.6291499376 5830963.103335396, 388493.305576122 5830963.466826327, 388497.7330083414 5830967.227103541, 388501.6020134865 5830962.553949031, 388497.2096985008 5830958.848506225))","POLYGON ((252.29149400722235 317.17746460437775, 199.9131835969165 254.93539215624332, 195.17976092360914 249.6180391162634, 259.9467693893239 194.610555306077, 316.54478751216084 262.97212985157967, 252.29149400722235 317.17746460437775))",388479.96320965263,5830945.53055947,388514.96320965263,5830980.53055947,EPSG:25833,34.95748556102556
14,/home/jovyan/MasterThesis_Batliner/Masterarbeit/data/processed/rural_luebars/chips/0014.png,"POLYGON ((388876.04571908363 5830969.559351213, 388870.4342741396 5830967.32798629, 388880.0315153834 5830943.22871579, 388878.94477740146 5830942.797210965, 388879.4291934982 5830941.762403006, 388880.46101569803 5830942.16177425, 388881.72319942556 5830938.994933185, 388887.3281542162 5830941.237587742, 388876.04571908363 5830969.559351213))","POLYGON ((228.68147152103484 108.32037058472633, 174.7394164907746 129.77017730474472, 266.9963878192939 361.433178268373, 256.54972379421815 365.58117531239986, 261.2063496741466 375.52864310890436, 271.12511577410623 371.68954180181026, 283.25831582630053 402.13195310533047, 337.13798189722 380.5736206769943, 228.68147152103484 108.32037058472633))",388852.2566089647,5830927.565659756,388905.5185733026,5830980.827624094,EPSG:25833,185.4760701293974
15,/home/jovyan/MasterThesis_Batliner/Masterarbeit/data/processed/rural_luebars/chips/0015.png,"POLYGON ((388475.6676811866 5831078.422087768, 388508.2962102056 5831017.507140907, 388507.3899403213 5831016.971442665, 388502.2126047078 5831013.884846554, 388494.11779788363 5831027.768433109, 388494.84577539144 5831028.208050101, 388492.6453884928 5831032.097506052, 388488.84659340704 5831030.058847639, 388491.3153756765 5831025.762647202, 388484.6605934921 5831022.04214502, 388492.4901054594 5831008.1089637205, 388486.9240966133 5831004.908855339, 388469.73955955886 5831035.369567968, 388468.1961077455 5831034.514597254, 388465.8309248595 5831038.897467077, 388482.4817979173 5831047.920154766, 388477.1162398128 5831057.935611843, 388478.50169967796 5831058.694043018, 388473.920687064 5831067.178159874, 388473.2298643248 5831066.882361773, 388470.1232360124 5831072.606413834, 388472.28955004027 5831073.747607702, 388471.04067129473 5831076.001761126, 388475.6213124576 5831078.467659667, 388475.6676811866 5831078.422087768))","POLYGON ((212.3523824682925 67.36909825354815, 364.22335390234366 350.9004872776568, 360.0050795318093 353.393919095397, 335.90693558519706 367.7606209926307, 298.2292892765254 303.1388363018632, 301.61769367638044 301.0926190279424, 291.3758928391617 282.9889695122838, 273.69422843982466 292.47799776494503, 285.1852877305355 312.4748579785228, 254.21030156314373 329.7921044975519, 290.6531209019013 394.6447301842272, 264.7458797271829 409.5397801063955, 184.75967089203186 267.7590085938573, 177.57560426997952 271.7385086454451, 166.56675301864743 251.33824183419347, 244.06899852398783 209.3417318612337, 219.0947644377593 162.72433164715767, 225.54345035552979 159.1941792704165, 204.220918915933 119.70447172224522, 201.00545307528228 121.08127742633224, 186.54551038495265 94.4384169280529, 196.62871749629267 89.12667819485068, 190.81575460801832 78.63461862131953, 212.1365571115166 67.15698177739978, 212.3523824682925 67.36909825354815))",388430.04509901564,5830982.895917471,388540.04509901564,5831092.895917471,EPSG:25833,1032.4591261898167
16,/home/jovyan/MasterThesis_Batliner/Masterarbeit/data/processed/rural_luebars/chips/0016.png,"POLYGON ((388641.1766642132 5831228.61019127, 388640.12930403993 5831230.792933703, 388640.7383560163 5831231.068364222, 388645.8569959663 5831233.377472848, 388646.1857211851 5831233.536892333, 388655.0743732335 5831214.37187651, 388648.86106196255 5831211.876303394, 388645.14560818084 5831220.307121583, 388641.1766642132 5831228.61019127))","POLYGON ((176.1355566587299 182.07703065872192, 163.13300893176347 154.9791770428419, 170.69413985218853 151.55981992185116, 234.23995909001678 122.8931817561388, 238.3209480913356 120.91405411064625, 348.6699239620939 358.8398787677288, 271.53420847002417 389.8213972300291, 225.40837099961936 285.15624126791954, 176.1355566587299 182.07703065872192))",388626.9888780183,5831202.034770392,388668.2306730856,5831243.276565459,EPSG:25833,138.18095826764863
17,/home/jovyan/MasterThesis_Batliner/Masterarbeit/data/processed/rural_luebars/chips/0017.png,"POLYGON ((388841.9468402134 5831001.516637942, 388834.85073555657 5830998.629193536, 388842.74711614754 5830978.96415421, 388849.80110685446 5830981.785801856, 388853.2372851474 5830973.2613701625, 388859.5056946036 5830975.789338674, 388856.308832761 5830983.818682254, 388858.73504513904 5830984.776078089, 388857.0308731899 5830989.054666776, 388848.2766070883 5830985.62630863, 388841.9468402134 5831001.516637942))","POLYGON ((205.08113144803792 105.82116352021694, 132.62657500710338 135.30332504212856, 213.2523240451701 336.09259896725416, 285.27687730733305 307.2822532206774, 320.36186915962026 394.32069855183363, 384.36526943417266 368.5089544951916, 351.72381077334285 286.5255909860134, 376.49657698580995 276.7501305118203, 359.09618217125535 233.06373346596956, 269.7110197423026 268.0688779503107, 205.08113144803792 105.82116352021694))",388821.8614619656,5830961.736013028,388872.00607346767,5831011.88062453,EPSG:25833,264.0561745910356
18,/home/jovyan/MasterThesis_Batliner/Masterarbeit/data/processed/rural_luebars/chips/0018.png,"POLYGON ((388983.0941847814 5831371.815703535, 388986.8789655175 5831372.664350883, 388992.77615663904 5831373.48720114, 388993.34721921384 5831370.903636814, 388994.4157096733 5831366.072024222, 388984.81609018985 5831363.853376183, 388983.0941847814 5831371.815703535))","POLYGON ((173.90891491994262 212.46839924156666, 229.27485025953501 200.0539008975029, 315.5423318082467 188.0167771279812, 323.8961614742875 225.8106324225664, 339.52665048092604 296.49022233486176, 199.09793118014932 328.94587364792824, 173.90891491994262 212.46839924156666))",388971.20588005055,5831351.339910515,389006.20588005055,5831386.339910515,EPSG:25833,78.33931257501627
19,/home/jovyan/MasterThesis_Batliner/Masterarbeit/data/processed/rural_luebars/chips/0019.png,"POLYGON ((388573.8040103631 5831016.9012477035, 388579.93948078895 5831016.271530111, 388581.58140558336 5831016.100506849, 388581.105223249 5831010.669762333, 388580.8431414962 5831007.793581109, 388580.2680300218 5831000.99634527, 388572.7741658964 5831001.757229468, 388573.8040103631 5831016.9012477035))","POLYGON ((207.67916030902416 140.23472622036934, 297.43232768122107 149.44659499824047, 321.4513418171555 151.94842100143433, 314.48547452595085 231.39245507121086, 310.65159288421273 273.4668775498867, 302.23853360209614 372.90072752535343, 192.6140069682151 361.77007868885994, 207.67916030902416 140.23472622036934))",388559.6071927638,5830991.487605941,388594.6071927638,5831026.487605941,EPSG:25833,116.31091983898686
20,/home/jovyan/MasterThesis_Batliner/Masterarbeit/data/processed/rural_luebars/chips/0020.png,"POLYGON ((388739.1106778621 5831356.3963466985, 388733.73218518065 5831367.33544293, 388749.21756376355 5831374.916661134, 388754.5963347152 5831363.988704458, 388739.1106778621 5831356.3963466985))","POLYGON ((191.5949655259028 374.0638605207205, 123.03581128828228 234.62420146167278, 320.4265156304464 137.98710648715496, 388.9892169525847 277.2847706526518, 191.5949655259028 374.0638605207205))",388724.07997727446,5831345.575202171,388764.24657914607,5831385.741804043,EPSG:25833,210.11785684655257
22,/home/jovyan/MasterThesis_Batliner/Masterarbeit/data/processed/rural_luebars/chips/0022.png,"POLYGON ((388851.2870608406 5830922.127994992, 388853.57536889566 5830916.433970937, 388895.9704086679 5830933.496033262, 388893.70186326676 5830939.167330172, 388851.2870608406 5830922.127994992))","POLYGON ((97.91596828307956 296.1531849205494, 114.11581490375102 336.4634552747011, 414.2472330760211 215.67430186271667, 398.1872941753827 175.52492605149746, 97.91596828307956 296.1531849205494))",388837.4559484733,5830891.638570174,388909.77846804017,5830963.9610897405,EPSG:25833,279.8215371600562
23,/home/jovyan/MasterThesis_Batliner/Masterarbeit/data/processed/rural_luebars/chips/0023.png,"POLYGON ((388824.3184524534 5831414.801609516, 388826.2411256117 5831408.826560137, 388826.97748640773 5831409.0434720535, 388826.58264927927 5831410.143015399, 388828.42874530534 5831410.9133019205, 388828.8150400987 5831409.736057102, 388833.834003996 5831411.546862765, 388831.8583661983 5831417.27829875, 388824.3184524534 5831414.801609516))","POLYGON ((185.90787412319332 233.28706522285938, 214.03383575286716 320.69350185990334, 224.80574225541204 317.5203903913498, 219.02983911894262 301.4356420338154, 246.0355866998434 290.16745062172413, 251.68652767688036 307.3888605386019, 325.10679954569787 280.89936055243015, 296.20604090578854 197.05663986504078, 185.90787412319332 233.28706522285938))",388811.60990637075,5831395.74896749,388846.60990637075,5831430.74896749,EPSG:25833,47.07419437355865
24,/home/jovyan/MasterThesis_Batliner/Masterarbeit/data/processed/rural_luebars/chips/0024.png,"POLYGON ((388458.8434195707 5830935.86667861, 388461.7020933426 5830932.329389574, 388462.1437329992 5830932.686521953, 388464.7769151447 5830929.655150992, 388464.36184526846 5830929.275155029, 388466.47539320076 5830926.622886807, 388462.982796369 5830923.464442035, 388460.7481593371 5830926.152863418, 388459.2451959868 5830924.996511473, 388455.33558094286 5830929.670627798, 388456.17926113366 5830930.4303087955, 388453.861711272 5830933.34318982, 388454.3673279282 5830933.832395935, 388455.2109512028 5830932.811588738, 388458.8434195707 5830935.86667861))","POLYGON ((234.847602840513 163.43129497766495, 276.66591630410403 215.17678029835224, 283.12647356651723 209.95244379341602, 321.64616666547954 254.2970704138279, 315.5742873335257 259.85586850345135, 346.4924742281437 298.65476363897324, 295.4007720043883 344.85829858481884, 262.7112245662138 305.5305343568325, 240.72501784190536 322.4463113695383, 183.53293491341174 254.0706668496132, 195.8747708471492 242.95761911571026, 161.9723271559924 200.34633100032806, 169.36877652723342 193.18994438648224, 181.70977985858917 208.1228953897953, 234.847602840513 163.43129497766495))",388442.7893842203,5830912.03873979,388477.7893842203,5830947.03873979,EPSG:25833,73.82806213325104
26,/home/jovyan/MasterThesis_Batliner/Masterarbeit/data/processed/rural_luebars/chips/0026.png,"POLYGON ((388605.452356569 5830951.547048019, 388603.021750913 5830945.949480602, 388603.53166539164 5830945.737536566, 388601.0498600628 5830939.9742179755, 388606.3548062666 5830937.672032058, 388608.9304468988 5830936.56720718, 388610.7473915325 5830940.798906027, 388612.42429050757 5830940.0818216195, 388615.49917618313 5830947.200358993, 388605.452356569 5830951.547048019))","POLYGON ((218.63275897316635 146.779372677207, 183.07647051941603 228.66378746926785, 190.5357908923179 231.7642259299755, 154.23052436765283 316.0733435899019, 231.83430883474648 349.75103472173214, 269.5122517971322 365.91304437816143, 296.09155615326017 304.0093355178833, 320.6221925886348 314.49925599992275, 365.6033773282543 210.36522355675697, 218.63275897316635 146.779372677207))",388590.5067578111,5830926.5807941975,388625.5067578111,5830961.5807941975,EPSG:25833,123.66804513918396
27,/home/jovyan/MasterThesis_Batliner/Masterarbeit/data/processed/rural_luebars/chips/0027.png,"POLYGON ((388855.8125656043 5830910.8746484965, 388858.08184261044 5830905.23670057, 388900.4235632112 5830922.33340247, 388900.20055451815 5830922.950520393, 388898.1938516529 5830927.925916615, 388855.8125656043 5830910.8746484965))","POLYGON ((98.00735532771796 296.4543189704418, 114.09419910982251 336.421580478549, 414.2535198600963 215.22351963818073, 412.67261722125113 210.8487872481346, 398.44715447584167 175.57833698391914, 98.00735532771796 296.4543189704418))",388841.98724095424,5830880.468879387,388914.2120877236,5830952.693726156,EPSG:25833,276.3418676907075
28,/home/jovyan/MasterThesis_Batliner/Masterarbeit/data/processed/rural_luebars/chips/0028.png,"POLYGON ((388585.671861712 5831229.376371374, 388588.017850147 5831226.2292108005, 388599.4610547677 5831235.905314825, 388597.89917479013 5831237.799355527, 388594.7568461873 5831235.434049463, 388585.671861712 5831229.376371374))","POLYGON ((159.08980907779187 293.18726778030396, 193.4082684693858 339.22573103010654, 360.80600463598967 197.67815217375755, 337.9579318212345 169.9710424542427, 291.9901534020901 204.5720911771059, 159.08980907779187 293.18726778030396))",388574.79658179457,5831214.418469758,388609.79658179457,5831249.418469758,EPSG:25833,46.28739788142014
29,/home/jovyan/MasterThesis_Batliner/Masterarbeit/data/processed/rural_luebars/chips/0029.png,"POLYGON ((388812.3967913125 5830986.9666530425, 388811.44711115083 5830989.280664127, 388807.0517716842 5830987.511298089, 388810.5778298889 5830978.7733530635, 388814.5007604041 5830980.319796627, 388823.0188902695 5830983.786858924, 388820.4289585558 5830990.211093732, 388812.3967913125 5830986.9666530425))","POLYGON ((220.0905664153397 224.21523459255695, 206.1981023363769 190.36455816030502, 141.90056499559432 216.24785563349724, 193.48175930511206 344.07150857150555, 250.8686285559088 321.44924844801426, 375.47669972945005 270.7310799956322, 337.5896986601874 176.75370222330093, 220.0905664153397 224.21523459255695))",388797.35153774894,5830967.293866345,388832.35153774894,5831002.293866345,EPSG:25833,104.94042260453254
30,/home/jovyan/MasterThesis_Batliner/Masterarbeit/data/processed/rural_luebars/chips/0030.png,"POLYGON ((388536.16142992646 5831085.764398626, 388548.2969212285 5831092.520161837, 388541.45772533095 5831104.7391719865, 388544.1192726347 5831106.214055407, 388538.36663148145 5831116.483101831, 388534.1681878031 5831114.141953521, 388534.45848973724 5831113.211694113, 388524.0379667757 5831107.407187473, 388536.16142992646 5831085.764398626))","POLYGON ((252.62173872813582 402.1632926687598, 368.82414333475754 337.47403448075056, 303.33598227938637 220.4719019830227, 328.82141084363684 206.34927639365196, 273.7374658919871 108.01886209845543, 233.53561176965013 130.43633629381657, 236.315374200698 139.34395918250084, 136.53450870048255 194.92453786730766, 252.62173872813582 402.1632926687598))",388509.7791108736,5831074.293703067,388563.2493602,5831127.763952394,EPSG:25833,382.23997462082184
31,/home/jovyan/MasterThesis_Batliner/Masterarbeit/data/processed/rural_luebars/chips/0031.png,"POLYGON ((388828.0647945779 5831279.599648315, 388829.34226496366 5831280.082434446, 388831.1725898849 5831280.752930578, 388834.8959333084 5831282.17039287, 388840.36290487595 5831267.668435068, 388833.3945941983 5831265.022910986, 388828.0647945779 5831279.599648315))","POLYGON ((166.7915831534192 168.41522008180618, 185.3998783128336 161.38270731270313, 212.06133892480284 151.61591343581676, 266.2974873147905 130.96842367947102, 345.9322261651978 342.2114506661892, 244.42820438928902 380.7475243806839, 166.7915831534192 168.41522008180618))",388816.61445448804,5831256.01235149,388851.76355503127,5831291.161452034,EPSG:25833,114.35521021093429
32,/home/jovyan/MasterThesis_Batliner/Masterarbeit/data/processed/rural_luebars/chips/0032.png,"POLYGON ((388555.2968648684 5831101.574329062, 388550.86572058965 5831099.12719989, 388554.34125661384 5831092.649197437, 388558.78416545066 5831095.018164858, 388555.2968648684 5831101.574329062))","POLYGON ((262.9144055508077 190.50434009730816, 198.09309495985508 226.30234397947788, 248.93522194214165 321.06626558303833, 313.9286312125623 286.4116564542055, 262.9144055508077 190.50434009730816))",388537.3242004264,5831079.597086686,388572.3242004264,5831114.597086686,EPSG:25833,37.29989522421362
33,/home/jovyan/MasterThesis_Batliner/Masterarbeit/data/processed/rural_luebars/chips/0033.png,"POLYGON ((388853.57536889566 5830916.433970937, 388855.8125656043 5830910.8746484965, 388898.1938516529 5830927.925916615, 388897.9578108425 5830928.56558739, 388895.9704086679 5830933.496033262, 388853.57536889566 5830916.433970937))","POLYGON ((97.7983710160479 296.76674646139145, 113.65557985333726 336.1711209565401, 414.05335045512766 215.31204832345247, 412.38029756210744 210.7780737131834, 398.2936277561821 175.83116468787193, 97.7983710160479 296.76674646139145))",388839.77759426896,5830886.068026252,388912.0125459913,5830958.302977974,EPSG:25833,273.97380586359816
36,/home/jovyan/MasterThesis_Batliner/Masterarbeit/data/processed/rural_luebars/chips/0036.png,"POLYGON ((388580.8602250951 5831053.93008523, 388575.49193711125 5831063.834209143, 388578.55018117354 5831065.478102949, 388583.9117038538 5831055.574136982, 388580.8602250951 5831053.93008523))","POLYGON ((272.9332415899262 340.4859245866537, 194.40285736881196 195.60274048149586, 239.14059908036143 171.5549225062132, 317.5720165744424 316.43579609692097, 272.9332415899262 340.4859245866537))",388562.2026792833,5831042.205490231,388597.2026792833,5831077.205490231,EPSG:25833,39.07524302550712
38,/home/jovyan/MasterThesis_Batliner/Masterarbeit/data/processed/rural_luebars/chips/0038.png,"POLYGON ((388730.07425787125 5831393.4362201085, 388726.8258021072 5831392.052522322, 388725.9065456188 5831394.210069514, 388721.43402629485 5831392.309014762, 388719.7433406841 5831396.275770915, 388721.58971376595 5831397.057139561, 388719.9889751651 5831400.81041162, 388725.863314035 5831403.302667941, 388730.07425787125 5831393.4362201085))","POLYGON ((336.11471870634705 311.8430691957474, 288.5944515299052 332.08459110558033, 275.1470423275605 300.52275788784027, 209.72047393210232 328.33247312903404, 184.98815871123224 270.30449740588665, 211.9979592235759 258.8741903603077, 188.58144026249647 203.96918193995953, 274.514626015909 167.5110323280096, 336.11471870634705 311.8430691957474))",388707.0976657722,5831379.753617417,388742.0976657722,5831414.753617417,EPSG:25833,70.44669847208888
39,/home/jovyan/MasterThesis_Batliner/Masterarbeit/data/processed/rural_luebars/chips/0039.png,"POLYGON ((388743.2865177679 5831206.562213738, 388747.30850413296 5831209.786673701, 388750.63488778984 5831205.671360929, 388746.61264692276 5831202.435775968, 388743.2865177679 5831206.562213738))","POLYGON ((202.25508815143257 249.43003378808498, 261.0910029774532 202.26079089939594, 309.751243901439 262.46193774044514, 250.91160607431084 309.79392345249653, 202.25508815143257 249.43003378808498))",388729.4604863513,5831188.613094954,388764.4604863513,5831223.613094954,EPSG:25833,27.318511443798283
40,/home/jovyan/MasterThesis_Batliner/Masterarbeit/data/processed/rural_luebars/chips/0040.png,"POLYGON ((388665.75326712354 5831178.084485436, 388671.2120126356 5831180.753088079, 388674.99218290707 5831173.07752366, 388669.5402005014 5831170.408762299, 388665.75326712354 5831178.084485436))","POLYGON ((188.40617075748742 219.3851247280836, 268.25981939118356 180.34728033840656, 323.55831022001803 292.6298227161169, 243.80359617061913 331.66998890042305, 188.40617075748742 219.3851247280836))",388652.8739390444,5831158.081515447,388687.8739390444,5831193.081515447,EPSG:25833,51.97052708538872
41,/home/jovyan/MasterThesis_Batliner/Masterarbeit/data/processed/rural_luebars/chips/0041.png,"POLYGON ((388615.6625565687 5830969.196776061, 388615.70571202645 5830969.307071565, 388613.62798407633 5830970.266992633, 388611.11743123044 5830964.726886615, 388611.49271553155 5830964.551400327, 388617.4431118681 5830961.74485971, 388620.3378399423 5830960.376812874, 388622.7706197862 5830965.774033639, 388622.81402893824 5830965.895451453, 388615.6625565687 5830969.196776061))","POLYGON ((236.94650863390416 199.0407137721777, 237.57781133055687 197.42724812030792, 207.18361960258335 183.3849742114544, 170.4578179717064 264.4288108050823, 175.94769117608666 266.9959245175123, 262.9934890139848 308.05160439014435, 305.33922541420907 328.06417524814606, 340.92731913086027 249.110545784235, 341.5623330110684 247.3343766182661, 236.94650863390416 199.0407137721777))",388599.46504133,5830947.803074854,388634.46504133,5830982.803074854,EPSG:25833,61.443245693384824
43,/home/jovyan/MasterThesis_Batliner/Masterarbeit/data/processed/rural_luebars/chips/0043.png,"POLYGON ((388911.5652645323 5831343.920931614, 388914.7853741108 5831337.515776969, 388915.6072731279 5831337.919931675, 388916.3395058651 5831336.467747052, 388915.4967933394 5831336.041809973, 388917.0777845661 5831332.901099628, 388910.7548081294 5831329.740017886, 388908.7077223986 5831333.826095892, 388902.727242387 5831330.8352755625, 388901.7168607589 5831332.861324562, 388899.24828610284 5831337.769349307, 388911.5652645323 5831343.920931614))","POLYGON ((298.6910044271499 149.99681274592876, 344.3994656968862 240.91600535809994, 356.06606848631054 235.17915408313274, 366.4598861178383 255.79246644675732, 354.49784199893475 261.83851177990437, 376.939524336718 306.4199254512787, 287.18682601395994 351.2905047982931, 258.12907609529793 293.2898890674114, 173.23800878226757 335.74366024136543, 158.89595352299511 306.984520226717, 123.8552984436974 237.3166243135929, 298.6910044271499 149.99681274592876))",388890.5228199247,5831318.418215085,388926.59264285007,5831354.488038011,EPSG:25833,140.57550252112372
44,/home/jovyan/MasterThesis_Batliner/Masterarbeit/data/processed/rural_luebars/chips/0044.png,"POLYGON ((388574.4887973267 5830992.904665223, 388589.3291459844 5830990.562803643, 388588.2603817586 5830983.799093104, 388573.4134972334 5830986.152234459, 388574.4887973267 5830992.904665223))","POLYGON ((155.26855122111738 189.43175560235977, 372.36165158450603 223.68984499573708, 356.7271577678621 322.63326774537563, 139.53844699915498 288.21017134189606, 155.26855122111738 189.43175560235977))",388563.87473620806,5830970.854101641,388598.87473620806,5831005.854101641,EPSG:25833,102.83080671601886
46,/home/jovyan/MasterThesis_Batliner/Masterarbeit/data/processed/rural_luebars/chips/0046.png,"POLYGON ((388782.3204348532 5831263.449202323, 388781.0344793676 5831266.160368395, 388786.5426516222 5831268.627663313, 388788.94445275096 5831269.707985111, 388790.19157134445 5831267.075602575, 388782.3204348532 5831263.449202323))","POLYGON ((207.97728080954403 301.9262098670006, 189.16558913514018 262.2657233327627, 269.7422804022208 226.1727233827114, 304.87719977181405 210.36915880441666, 323.1207631966099 248.8771547526121, 207.97728080954403 301.9262098670006))",388768.1032379228,5831249.088689326,388803.1032379228,5831284.088689326,EPSG:25833,25.61253761327397
48,/home/jovyan/MasterThesis_Batliner/Masterarbeit/data/processed/rural_luebars/chips/0048.png,"POLYGON ((388553.1982609662 5831105.472561332, 388565.29845536157 5831110.092584393, 388566.69178870757 5831106.154821739, 388559.6127496925 5831103.423179301, 388559.4313365652 5831103.78341973, 388555.2968648684 5831101.574329062, 388553.1982609662 5831105.472561332))","POLYGON ((155.14457371551543 262.24010656774044, 332.15313172806054 194.65576922893524, 352.5356081034988 252.2596114873886, 248.97938022669405 292.21963798999786, 246.3255653353408 286.94983515143394, 185.84415079839528 319.26567578315735, 155.14457371551543 262.24010656774044))",388542.5926748724,5831088.399131117,388577.5926748724,5831123.399131117,EPSG:25833,52.46441734004851
49,/home/jovyan/MasterThesis_Batliner/Masterarbeit/data/processed/rural_luebars/chips/0049.png,"POLYGON ((388967.25014409947 5831306.487474186, 388977.3382660503 5831309.930187961, 388973.17837340967 5831322.065355842, 388972.24457207037 5831324.779584128, 388962.1567292818 5831321.348003431, 388967.25014409947 5831306.487474186))","POLYGON ((221.15310479700565 383.6513497233391, 361.9137031175196 335.6148119866848, 303.8702952461317 166.29157224297523, 290.8408695636317 128.41966710984707, 150.08416642341763 176.30086387693882, 221.15310479700565 383.6513497233391))",388951.40039979876,5831297.288899787,388988.0947482205,5831333.983248208,EPSG:25833,167.3843671778689
50,/home/jovyan/MasterThesis_Batliner/Masterarbeit/data/processed/rural_luebars/chips/0050.png,"POLYGON ((388784.2633043198 5831379.002985985, 388780.7212739055 5831385.5379801355, 388790.9650852355 5831391.057703077, 388794.5068711704 5831384.511594175, 388784.2633043198 5831379.002985985))","POLYGON ((206.9679613308981 344.1435117274523, 155.15311641339213 248.54588301479816, 305.00544215459377 167.800221696496, 356.8167106891051 263.560443341732, 206.9679613308981 344.1435117274523))",388770.1151038382,5831367.528421356,388805.1151038382,5831402.528421356,EPSG:25833,86.53004440546488
51,/home/jovyan/MasterThesis_Batliner/Masterarbeit/data/processed/rural_luebars/chips/0051.png,"POLYGON ((388688.5363065732 5830917.947548663, 388688.4445767806 5830918.083177314, 388684.43186744803 5830915.87119732, 388689.2898543098 5830907.036011928, 388691.8973015992 5830908.512211546, 388692.15116844524 5830908.061299988, 388696.26872148307 5830910.415559774, 388695.0886593221 5830912.7237207955, 388696.58624099696 5830913.646577338, 388693.00409501186 5830920.215921026, 388692.9191347075 5830920.351395198, 388688.5363065732 5830917.947548663))","POLYGON ((221.36119815241545 193.7545528113842, 220.01932233013213 191.7704994082451, 161.31911723595113 224.12860675156116, 232.38452504295856 353.37474735081196, 270.52775396220386 331.78005577623844, 274.24146325234324 338.37624771893024, 334.47538197692484 303.9367902725935, 317.21275836601853 270.1716919094324, 339.1202388657257 256.67161905765533, 286.71856045536697 160.57150568068027, 285.4757125740871 158.58971206843853, 221.36119815241545 193.7545528113842))",388673.4041934182,5830896.192488797,388708.4041934182,5830931.192488797,EPSG:25833,93.93097204168343
52,/home/jovyan/MasterThesis_Batliner/Masterarbeit/data/processed/rural_luebars/chips/0052.png,"POLYGON ((388919.0834369502 5831401.370713131, 388924.7817555145 5831405.358367848, 388918.9302600265 5831413.681800326, 388917.23130592576 5831416.101874903, 388920.41745048057 5831418.32171752, 388918.01625700865 5831421.725916498, 388914.7887406263 5831419.473633238, 388913.7982925701 5831420.887185083, 388908.1481236886 5831416.931831279, 388919.0834369502 5831401.370713131))","POLYGON ((288.30482410173863 393.6558829545975, 362.2048808634281 341.9409943073988, 286.3183111976832 233.99649706482887, 264.28500381764024 202.61116003990173, 305.6053092367947 173.82258082926273, 274.46483650431037 129.6743825674057, 232.60799028445035 158.88367630541325, 219.76311916206032 140.5516788214445, 146.48750349693 191.84766505658627, 288.30482410173863 393.6558829545975))",388896.8526998799,5831392.245382126,388936.33222442644,5831431.724906674,EPSG:25833,148.32048631467705
53,/home/jovyan/MasterThesis_Batliner/Masterarbeit/data/processed/rural_luebars/chips/0053.png,"POLYGON ((388985.1917609457 5831328.568997969, 388982.37098548334 5831342.409664445, 388990.2860612618 5831344.110230212, 388993.4210143818 5831330.3848301275, 388989.6036228263 5831329.592558626, 388985.1917609457 5831328.568997969))","POLYGON ((217.51708263158798 369.58988206088543, 176.25316729582846 167.12070389091969, 292.03941868338734 142.24385610222816, 337.89930432476103 343.0268516242504, 282.0563192842528 354.6166518628597, 217.51708263158798 369.58988206088543))",388970.3224291252,5831318.833931312,389005.3224291252,5831353.833931312,EPSG:25833,116.28862164707458
54,/home/jovyan/MasterThesis_Batliner/Masterarbeit/data/processed/rural_luebars/chips/0054.png,"POLYGON ((388620.1870178866 5831060.009651789, 388628.46459895326 5831062.13537176, 388629.16354304354 5831059.226128816, 388631.0567891827 5831051.371034446, 388631.1431844917 5831051.001837312, 388622.7650607461 5831048.922919032, 388620.1870178866 5831060.009651789))","POLYGON ((176.13236554246396 190.1597562879324, 297.22155143134296 159.0635098516941, 307.4461049810052 201.62157808244228, 335.1415913589299 316.53038714826107, 336.40543130785227 321.9312137812376, 213.84544965811074 352.3428183346987, 176.13236554246396 190.1597562879324))",388608.1467194609,5831038.00885388,388643.1467194609,5831073.00885388,EPSG:25833,98.05380794945975
55,/home/jovyan/MasterThesis_Batliner/Masterarbeit/data/processed/rural_luebars/chips/0055.png,"POLYGON ((388525.99054427334 5831024.77016128, 388541.1267625063 5831033.0152969025, 388529.21577842627 5831054.775621173, 388514.0798580762 5831046.54164511, 388525.99054427334 5831024.77016128))","POLYGON ((240.27625809190795 402.3106303960085, 387.86970276618376 321.91221452504396, 271.72555481735617 109.72703280299902, 124.13501480268314 190.01663169264793, 240.27625809190795 402.3106303960085))",388501.3493829623,5831013.521137045,388553.85675381724,5831066.0285079,EPSG:25833,427.59022314933463
56,/home/jovyan/MasterThesis_Batliner/Masterarbeit/data/processed/rural_luebars/chips/0056.png,"POLYGON ((388616.4931430897 5831066.125360844, 388627.38216194155 5831069.905195127, 388628.46729535545 5831067.29872378, 388617.48070825473 5831063.398705268, 388616.4931430897 5831066.125360844))","POLYGON ((169.13788193184882 263.9723125398159, 328.4286719933152 208.6787367463112, 344.30262364819646 246.80768902599812, 183.58454948943108 303.8593883961439, 169.13788193184882 263.9723125398159))",388604.930983192,5831049.170343147,388639.930983192,5831084.170343147,EPSG:25833,33.145850759621545
57,/home/jovyan/MasterThesis_Batliner/Masterarbeit/data/processed/rural_luebars/chips/0057.png,"POLYGON ((388812.8200907691 5831296.260680367, 388816.393326488 5831288.71235214, 388804.50970551075 5831283.163168102, 388804.3871760749 5831283.4330330575, 388799.8917493048 5831281.421145905, 388798.44568762404 5831284.5365651185, 388802.8278124843 5831286.628928984, 388800.8963758952 5831290.734675193, 388812.8200907691 5831296.260680367))","POLYGON ((328.7726841373369 152.64373318850994, 379.27037684898823 259.31824035942554, 211.32863227371126 337.7404359281063, 209.59702140744776 333.9266495704651, 146.06673751212656 362.35904732346535, 125.63070022314787 318.3313104212284, 187.55977852176875 288.7615994364023, 160.26432447414845 230.73836034536362, 328.7726841373369 152.64373318850994))",388789.5560120503,5831270.832495841,388825.78532451665,5831307.061808308,EPSG:25833,127.07105465410815
58,/home/jovyan/MasterThesis_Batliner/Masterarbeit/data/processed/rural_luebars/chips/0058.png,"POLYGON ((388481.9061998975 5830887.86734094, 388477.9850950382 5830892.040937036, 388484.12641880324 5830896.107009943, 388487.6472641144 5830891.608722721, 388481.9061998975 5830887.86734094))","POLYGON ((241.4900363581255 315.5093705803156, 184.1298738438636 254.4556219726801, 273.96866720728576 194.9747840166092, 325.473604330793 260.77829994261265, 241.4900363581255 315.5093705803156))",388465.39809194335,5830874.435364319,388500.39809194335,5830909.435364319,EPSG:25833,40.28634271432954
59,/home/jovyan/MasterThesis_Batliner/Masterarbeit/data/processed/rural_luebars/chips/0059.png,"POLYGON ((388598.10424464504 5830931.69542121, 388594.4905502068 5830923.821358087, 388593.477232986 5830924.233971254, 388591.0246871237 5830919.1599281235, 388596.5252080295 5830916.819883525, 388596.91158346855 5830917.723563556, 388601.3040149971 5830915.798300452, 388603.47595290403 5830920.745216869, 388605.25939392403 5830919.947802037, 388608.0150316047 5830925.838409161, 388602.163092113 5830928.509175791, 388602.53677327884 5830929.746987352, 388598.10424464504 5830931.69542121))","POLYGON ((235.14151008147746 132.2933218330145, 182.2783228708431 247.4796166718006, 167.45493952650577 241.4436754733324, 131.57769719790667 315.6696778386831, 212.04246016219258 349.90118739008904, 217.6945808706805 336.6816395223141, 281.949579231441 364.8454883545637, 313.7219280414283 292.47916819155216, 339.8111223913729 304.1442080140114, 380.1221650335938 217.97304095327854, 294.51665018405765 178.90354052186012, 299.9830718105659 160.79612569510937, 235.14151008147746 132.2933218330145))",388582.03011797933,5830905.738910007,388617.03011797933,5830940.738910007,EPSG:25833,143.87264206939645
60,/home/jovyan/MasterThesis_Batliner/Masterarbeit/data/processed/rural_luebars/chips/0060.png,"POLYGON ((388604.79641651566 5831290.132924858, 388609.4940173704 5831281.7130351355, 388604.9116015928 5831279.158035609, 388600.1934446835 5831287.567271118, 388600.5645596529 5831287.803616129, 388604.79641651566 5831290.132924858))","POLYGON ((255.3169302083552 175.80787459015846, 324.036119855009 298.9788328111172, 257.00192333664745 336.3548258841038, 187.98202797863632 213.33972358703613, 193.4109098156914 209.88233371078968, 255.3169302083552 175.80787459015846))",388587.34311073966,5831267.151041285,388622.34311073966,5831302.151041285,EPSG:25833,50.76708574126777
61,/home/jovyan/MasterThesis_Batliner/Masterarbeit/data/processed/rural_luebars/chips/0061.png,"POLYGON ((388954.5425877358 5831373.644938976, 388954.8611617279 5831372.168789829, 388956.25198558427 5831366.027853252, 388962.3084845238 5831367.303290905, 388964.80609823985 5831367.836242757, 388963.4021682107 5831373.699274163, 388962.9756065561 5831375.489464651, 388954.5425877358 5831373.644938976))","POLYGON ((181.3097740598023 213.52511975169182, 185.97005645837635 235.11907297372818, 206.31582258548588 324.95220233500004, 294.9137499295175 306.29437151551247, 331.45027057640254 298.4980472922325, 310.9127798639238 212.73027358949184, 304.67279223073274 186.5423441529274, 181.3097740598023 213.52511975169182))",388942.1483648997,5831353.241382709,388977.1483648997,5831388.241382709,EPSG:25833,68.14572719837301
62,/home/jovyan/MasterThesis_Batliner/Masterarbeit/data/processed/rural_luebars/chips/0062.png,"POLYGON ((388982.64490487246 5831371.714644951, 388978.0852524148 5831384.13710701, 388969.62846586574 5831381.247062471, 388971.54158850707 5831375.439215162, 388973.5176610132 5831369.718960711, 388982.64490487246 5831371.714644951))","POLYGON ((352.7384824110195 328.6606708317995, 286.03728074394166 146.93779729306698, 162.32657465524971 189.21502025425434, 190.31282586511225 274.1755294650793, 219.2199436686933 357.85468028485775, 352.7384824110195 328.6606708317995))",388958.5319226764,5831359.181682996,388993.5319226764,5831394.181682996,EPSG:25833,115.87314463838996
63,/home/jovyan/MasterThesis_Batliner/Masterarbeit/data/processed/rural_luebars/chips/0063.png,"POLYGON ((388857.6122708387 5831315.226221465, 388848.5410496507 5831311.237571396, 388860.7985734185 5831283.550039513, 388862.28237579257 5831282.982099836, 388868.5078215749 5831285.72247787, 388870.327639949 5831286.526764058, 388869.0198863464 5831289.472090605, 388867.0746750712 5831293.867451223, 388857.6122708387 5831315.226221465))","POLYGON ((239.24429706763476 105.55303921550512, 155.60479232342914 142.32964397966862, 268.6230063084513 397.61737275868654, 282.3041296247393 402.8539547249675, 339.7046924880706 377.58680967241526, 356.48398872325197 370.1710387393832, 344.42609030148014 343.01420410722494, 326.4906321852468 302.487600505352, 239.24429706763476 105.55303921550512))",388831.6647482738,5831271.144536695,388887.1943124727,5831326.674100894,EPSG:25833,310.5955992443536
64,/home/jovyan/MasterThesis_Batliner/Masterarbeit/data/processed/rural_luebars/chips/0064.png,"POLYGON ((388654.67094834696 5831071.129748252, 388667.9229248947 5831075.768257835, 388671.66276675987 5831065.133555549, 388663.5038521652 5831062.27060506, 388662.47945145133 5831065.165011433, 388661.42131895514 5831064.799670834, 388661.58040298184 5831064.350919623, 388657.55222079414 5831062.940537226, 388654.67094834696 5831071.129748252))","POLYGON ((127.88724268507212 220.1632733643055, 321.74472818430513 152.30850461125374, 376.45327204000205 307.8790066242218, 257.100007112138 349.75988234579563, 242.11448809783906 307.41885198652744, 226.63552129641175 312.7632630318403, 228.96269334387034 319.3278521746397, 170.03614248428494 339.9597318023443, 127.88724268507212 220.1632733643055))",388645.92865636654,5831051.179972017,388680.92865636654,5831086.179972017,EPSG:25833,143.79718693897829
65,/home/jovyan/MasterThesis_Batliner/Masterarbeit/data/processed/rural_luebars/chips/0065.png,"POLYGON ((388559.312938423 5830971.0618518405, 388561.4075524453 5830975.587650447, 388572.942805271 5830970.283254955, 388570.84794617904 5830965.746329291, 388564.72182656726 5830968.56806831, 388559.312938423 5830971.0618518405))","POLYGON ((156.2822784902528 250.2454939186573, 186.92348933126777 184.03952573239803, 355.6677592387423 261.63525408506393, 325.0229633785784 328.0039952248335, 235.40658505819738 286.72598442435265, 156.2822784902528 250.2454939186573))",388548.6295795418,5830953.168477402,388583.6295795418,5830988.168477402,EPSG:25833,63.40019064030424
66,/home/jovyan/MasterThesis_Batliner/Masterarbeit/data/processed/rural_luebars/chips/0066.png,"POLYGON ((388741.44108584675 5830979.158325173, 388743.8319706964 5830973.217088308, 388760.5318299924 5830979.947220508, 388777.26548911724 5830986.676637904, 388782.8298259791 5830988.920098206, 388783.9330888203 5830986.213099935, 388789.6952581113 5830988.518827735, 388786.14538793813 5830997.101539767, 388741.44108584675 5830979.158325173))","POLYGON ((91.95983613468707 297.1885800510645, 107.82817078055814 336.62064838409424, 218.66535973222926 291.95267118513584, 329.7268785983324 247.28943815082312, 366.65745658800006 232.39956218749285, 373.9798267846927 250.3659458309412, 412.22342124581337 235.06279965490103, 388.6628855452873 178.09922539442778, 91.95983613468707 297.1885800510645))",388727.5854807122,5830946.792649697,388804.72861326934,5831023.935782253,EPSG:25833,325.504421610584
67,/home/jovyan/MasterThesis_Batliner/Masterarbeit/data/processed/rural_luebars/chips/0067.png,"POLYGON ((388444.2116680505 5831078.005988718, 388452.39504012594 5831082.526098797, 388449.2270142897 5831088.229312826, 388441.04364833015 5831083.709208111, 388444.2116680505 5831078.005988718))","POLYGON ((219.31630165874958 330.7763257175684, 339.02734459005296 264.6535725593567, 292.6836523571983 181.22369876503944, 172.97269889246672 247.3463734537363, 219.31630165874958 330.7763257175684))",388429.2193427418,5831065.617651609,388464.2193427418,5831100.617651609,EPSG:25833,60.991330126993645
68,/home/jovyan/MasterThesis_Batliner/Masterarbeit/data/processed/rural_luebars/chips/0068.png,"POLYGON ((388562.53973359766 5830931.439080351, 388556.99932177376 5830927.581751633, 388542.3700116714 5830954.8902320275, 388557.979015862 5830971.670970755, 388559.2663138879 5830971.096300662, 388559.312938423 5830971.0618518405, 388564.72182656726 5830968.56806831, 388552.2333755809 5830955.265893876, 388554.97440322774 5830952.209854098, 388550.3456741562 5830946.751531392, 388558.38263118686 5830938.923030585, 388562.43101770326 5830933.500251911, 388561.6872082292 5830932.960833693, 388562.53973359766 5830931.439080351))","POLYGON ((321.3749025538564 398.0642229244113, 281.7122463500127 425.6780371442437, 176.9840572681278 230.18230438232422, 288.72567261522636 110.05248513072729, 297.94117150921375 114.1664288341999, 298.27494686096907 114.413040779531, 336.9960523904301 132.26551853120327, 247.59382856125012 227.49301932752132, 267.21627552993596 249.3705726340413, 234.0801665801555 288.44556991010904, 291.6150708007626 344.4881793707609, 320.59662807174027 383.30872432142496, 315.2718507107347 387.170307174325, 321.3749025538564 398.0642229244113))",388517.64739706647,5830915.523577283,388589.1678428801,5830987.0440230975,EPSG:25833,332.4518429294119
69,/home/jovyan/MasterThesis_Batliner/Masterarbeit/data/processed/rural_luebars/chips/0069.png,"POLYGON ((388627.29746454646 5831332.083965372, 388631.18370994576 5831326.09740113, 388627.98738537834 5831324.033765693, 388624.10791100806 5831330.020177995, 388624.2385527944 5831330.106220594, 388627.29746454646 5831332.083965372))","POLYGON ((250.92307318467647 197.11206004023552, 307.7732915971428 284.686942666769, 261.01562935393304 314.8749810606241, 204.2644614232704 227.30232110619545, 206.17556412611157 226.043640807271, 250.92307318467647 197.11206004023552))",388610.1445200905,5831310.558422602,388645.1445200905,5831345.558422602,EPSG:25833,27.13000473286484
70,/home/jovyan/MasterThesis_Batliner/Masterarbeit/data/processed/rural_luebars/chips/0070.png,"POLYGON ((388543.8687286625 5831169.972403467, 388550.9198842492 5831175.34200605, 388540.9697004006 5831188.344268842, 388533.8633814567 5831182.931428584, 388536.52014684404 5831179.4544308195, 388534.7005580205 5831178.071601553, 388537.2327764854 5831174.7754980605, 388539.1075355749 5831176.201580382, 388543.8687286625 5831169.972403467))","POLYGON ((281.2024963218719 382.08735516667366, 379.30015051271766 307.38393799960613, 240.87040203996003 126.49281124770641, 142.00529975257814 201.79776306450367, 178.96696497593075 250.1707311719656, 153.65233491454273 269.40903978049755, 188.88126842025667 315.26535603404045, 214.9634426953271 295.4252988100052, 281.2024963218719 382.08735516667366))",388523.6561907654,5831160.634420016,388560.45820902154,5831197.436438273,EPSG:25833,155.18738456720925
71,/home/jovyan/MasterThesis_Batliner/Masterarbeit/data/processed/rural_luebars/chips/0071.png,"POLYGON ((388847.96183267917 5831348.8412620295, 388842.86669516086 5831362.121789696, 388846.1612505105 5831363.448873837, 388846.7374094353 5831362.5788908405, 388855.54636409937 5831365.76116178, 388859.9666915239 5831353.775741722, 388847.96183267917 5831348.8412620295))","POLYGON ((204.67852855939418 382.56201365590096, 130.3245090516284 188.75750698149204, 178.40239347703755 169.39119160175323, 186.81035730149597 182.08696918189526, 315.3606043923646 135.64766608178616, 379.8670304454863 310.5524951517582, 204.67852855939418 382.56201365590096))",388833.9361585198,5831339.971474694,388869.02115360997,5831375.056469785,EPSG:25833,173.9854137504194
72,/home/jovyan/MasterThesis_Batliner/Masterarbeit/data/processed/rural_luebars/chips/0072.png,"POLYGON ((388918.4159468554 5830927.2319091605, 388920.3588287016 5830921.534653319, 388927.93657336576 5830924.155317587, 388926.0132332385 5830929.818741342, 388918.4159468554 5830927.2319091605))","POLYGON ((186.35329046379775 233.3594786375761, 214.7748763281852 316.7021926641464, 325.6264554159716 278.36561822891235, 297.49073698185384 195.51781928539276, 186.35329046379775 233.3594786375761))",388905.67695239006,5830908.18421727,388940.67695239006,5830943.18421727,EPSG:25833,48.13300069916951
73,/home/jovyan/MasterThesis_Batliner/Masterarbeit/data/processed/rural_luebars/chips/0073.png,"POLYGON ((388636.3159592324 5831002.84402217, 388638.4479988989 5831002.483785419, 388639.63584574126 5831006.752105216, 388637.63877233985 5831007.387462803, 388637.9981392877 5831008.592219208, 388642.2498611966 5831007.627212941, 388644.7074506468 5831016.785156162, 388633.19373921235 5831020.063587954, 388628.85162194935 5831004.3052132, 388636.3159592324 5831002.84402217))","POLYGON ((253.42230925057083 377.0099430382252, 283.9714501844719 382.1716309040785, 300.9916309826076 321.01258912682533, 272.3763675093651 311.9088051766157, 277.5255923140794 294.6463340371847, 338.4468096084893 308.47352166473866, 373.6606227690354 177.2530277222395, 208.68527132738382 130.27769400179386, 146.4688152745366 356.0731230378151, 253.42230925057083 377.0099430382252))",388618.6294908342,5830993.422999279,388654.3622242571,5831029.1557327015,EPSG:25833,173.96143188088672
74,/home/jovyan/MasterThesis_Batliner/Masterarbeit/data/processed/rural_luebars/chips/0074.png,"POLYGON ((388713.13255705585 5830939.175312718, 388714.56326883915 5830936.572111517, 388714.7272595153 5830936.635140274, 388718.0964237407 5830930.526918884, 388718.20549734647 5830930.557815881, 388723.9682509565 5830933.775955057, 388721.5400879545 5830938.082230063, 388721.9465915722 5830938.384546203, 388719.36772788916 5830942.616362411, 388713.13255705585 5830939.175312718))","POLYGON ((175.48231161385775 218.48745773732662, 196.411581129767 256.5685724616051, 198.81053045019507 255.64655178785324, 248.09658997505903 345.00110468268394, 249.69218100886792 344.5491257607937, 333.99303381796926 297.47234696149826, 298.4724779026583 234.47769543528557, 304.4190451102331 230.05524219572544, 266.69395351875573 168.14981652796268, 175.48231161385775 218.48745773732662))",388701.13669591036,5830919.110978775,388736.13669591036,5830954.110978775,EPSG:25833,69.10714242646081
75,/home/jovyan/MasterThesis_Batliner/Masterarbeit/data/processed/rural_luebars/chips/0075.png,"POLYGON ((388493.27471570513 5830946.998009317, 388497.70842341415 5830950.735887448, 388498.45355881896 5830949.850874768, 388502.15546089894 5830952.98230551, 388497.2096985008 5830958.848506225, 388493.6291499376 5830963.103335396, 388485.5075908078 5830956.255975152, 388493.27471570513 5830946.998009317))","POLYGON ((249.37778256926686 371.87354551255703, 314.2365924837068 317.1937282681465, 325.1368589773774 330.14019948244095, 379.2903979755938 284.33184120059013, 306.94095946568996 198.51770502328873, 254.5626490553841 136.2756325751543, 135.7558412142098 236.44273100793362, 249.37778256926686 371.87354551255703))",388476.22740634985,5830937.419052467,388511.22740634985,5830972.419052467,EPSG:25833,134.09378323292128
76,/home/jovyan/MasterThesis_Batliner/Masterarbeit/data/processed/rural_luebars/chips/0076.png,"POLYGON ((388651.4108263886 5831379.1172099775, 388657.61281293066 5831369.55023162, 388623.60171197326 5831347.602925843, 388620.343715181 5831345.507319211, 388614.1417665988 5831355.074345161, 388638.32353289286 5831370.680347966, 388651.4108263886 5831379.1172099775))","POLYGON ((368.5196577468887 134.27278062701225, 413.442570886109 203.5693737193942, 167.08961224835366 362.5405201986432, 143.49093045294285 377.7196493446827, 98.56829226901755 308.4227115288377, 273.72432967834175 195.38359031826258, 368.5196577468887 134.27278062701225))",388600.53358361573,5831326.968785767,388671.2194961637,5831397.654698315,EPSG:25833,505.8928104867501
77,/home/jovyan/MasterThesis_Batliner/Masterarbeit/data/processed/rural_luebars/chips/0077.png,"POLYGON ((388620.0383169673 5831209.28468774, 388624.0438811632 5831200.212929214, 388624.77579837287 5831200.53006589, 388630.70034724765 5831203.132351876, 388642.7409925788 5831208.421598088, 388649.144438841 5831211.23553848, 388648.86106196255 5831211.876303394, 388645.14560818084 5831220.307121583, 388641.82077680307 5831218.847322219, 388620.0383169673 5831209.28468774))","POLYGON ((110.72842170391232 265.72003173828125, 150.71123206149787 356.27266877144575, 158.01709599466994 353.1070683822036, 217.15486099617556 327.1315248683095, 337.3423839798197 274.3352350369096, 401.26041525183246 246.246995896101, 398.43179899826646 239.85099752992392, 361.3448178190738 155.6961098909378, 328.15695814508945 170.2675605788827, 110.72842170391232 265.72003173828125))",388608.9453048083,5831184.611829224,388660.23856933776,5831235.905093753,EPSG:25833,271.9079801267747
78,/home/jovyan/MasterThesis_Batliner/Masterarbeit/data/processed/rural_luebars/chips/0078.png,"POLYGON ((388826.2411256117 5831408.826560137, 388821.03711523325 5831406.9198259525, 388821.3335324473 5831406.256518027, 388819.1456946495 5831405.349356171, 388820.17839314236 5831402.521560916, 388822.2827245655 5831403.330473571, 388824.1965704118 5831398.156843341, 388837.0538916052 5831402.760256283, 388833.834003996 5831411.546862765, 388828.8150400987 5831409.736057102, 388828.42874530534 5831410.9133019205, 388826.58264927927 5831410.143015399, 388826.97748640773 5831409.0434720535, 388826.2411256117 5831408.826560137))","POLYGON ((222.87728394567966 200.5385961085558, 149.2249049982056 227.52461236715317, 153.42009897064418 236.91241198778152, 122.45562218502164 249.7514772415161, 137.0714079355821 289.7732743918896, 166.85401867888868 278.3247304558754, 193.9406863199547 351.54713904857635, 375.9104027338326 286.39501793682575, 330.3393209883943 162.03814251720905, 259.30590560194105 187.6664820611477, 253.8386739026755 171.00493159890175, 227.7108697295189 181.90679970383644, 233.29900113027543 197.4686409085989, 222.87728394567966 200.5385961085558))",388810.4934238355,5831386.819825236,388846.6694897256,5831422.995891126,EPSG:25833,136.8335433075028
79,/home/jovyan/MasterThesis_Batliner/Masterarbeit/data/processed/rural_luebars/chips/0079.png,"POLYGON ((388482.8346586559 5830878.10907742, 388482.9988164372 5830877.882765327, 388486.282137476 5830873.067191528, 388486.8457741144 5830872.241964926, 388482.98599914304 5830869.614913487, 388480.2409463219 5830867.7524848655, 388475.34919735754 5830864.425696764, 388471.3122806859 5830870.349048782, 388478.3572321984 5830875.128917225, 388477.38735058677 5830876.55321492, 388479.8159140627 5830878.2003126815, 388480.8121120757 5830876.742029972, 388482.8346586559 5830878.10907742))","POLYGON ((310.9785495903343 159.970190346241, 313.37994341924787 163.28081296384335, 361.4102397589013 233.72577825188637, 369.6554385833442 245.79766455292702, 313.1924447165802 284.22767417132854, 273.0362434471026 311.4723442941904, 201.47694431152195 360.1385016590357, 142.42262042872608 273.4883235692978, 245.4801968401298 203.5656766295433, 231.29221440758556 182.73023606836796, 266.81862868368626 158.6355488151312, 281.3915824741125 179.96814158558846, 310.9785495903343 159.970190346241))",388461.5763593675,5830854.044539651,388496.5763593675,5830889.044539651,EPSG:25833,104.49990864073035
80,/home/jovyan/MasterThesis_Batliner/Masterarbeit/data/processed/rural_luebars/chips/0080.png,"POLYGON ((388608.01140708075 5831195.103870644, 388617.14634642727 5831201.271731515, 388620.4290525216 5831196.4340001065, 388611.294108858 5831190.26613307, 388608.01140708075 5831195.103870644))","POLYGON ((165.17381171137094 265.7289171665907, 298.8049244377762 175.50192385911942, 346.82622501719743 246.2710233181715, 213.1950491387397 336.4981068223715, 165.17381171137094 265.7289171665907))",388596.7202285458,5831178.268933342,388631.7202285458,5831213.268933342,EPSG:25833,64.4396928741595
